{"featurizers": [{"index": 0, "transformers": ["SimpleImputer"], "is_distributable": false, "is_separable": false}, {"index": 1, "transformers": ["SimpleImputer"], "is_distributable": false, "is_separable": false}, {"index": 2, "transformers": ["SimpleImputer"], "is_distributable": false, "is_separable": false}, {"index": 3, "transformers": ["SimpleImputer"], "is_distributable": false, "is_separable": false}, {"index": 4, "transformers": ["SimpleImputer"], "is_distributable": false, "is_separable": false}, {"index": 5, "transformers": ["SimpleImputer"], "is_distributable": false, "is_separable": false}, {"index": 6, "transformers": ["SimpleImputer"], "is_distributable": false, "is_separable": false}, {"index": 7, "transformers": ["SimpleImputer"], "is_distributable": false, "is_separable": false}, {"index": 8, "transformers": ["SimpleImputer"], "is_distributable": false, "is_separable": false}, {"index": 9, "transformers": ["SimpleImputer"], "is_distributable": false, "is_separable": false}, {"index": 10, "transformers": ["SimpleImputer"], "is_distributable": false, "is_separable": false}, {"index": 11, "transformers": ["SimpleImputer"], "is_distributable": false, "is_separable": false}, {"index": 12, "transformers": ["SimpleImputer"], "is_distributable": false, "is_separable": false}, {"index": 13, "transformers": ["SimpleImputer"], "is_distributable": false, "is_separable": false}, {"index": 14, "transformers": ["SimpleImputer"], "is_distributable": false, "is_separable": false}, {"index": 15, "transformers": ["SimpleImputer"], "is_distributable": false, "is_separable": false}, {"index": 16, "transformers": ["SimpleImputer"], "is_distributable": false, "is_separable": false}, {"index": 17, "transformers": ["SimpleImputer"], "is_distributable": false, "is_separable": false}, {"index": 18, "transformers": ["SimpleImputer"], "is_distributable": false, "is_separable": false}, {"index": 19, "transformers": ["SimpleImputer"], "is_distributable": false, "is_separable": false}, {"index": 20, "transformers": ["SimpleImputer"], "is_distributable": false, "is_separable": false}, {"index": 21, "transformers": ["SimpleImputer"], "is_distributable": false, "is_separable": false}, {"index": 22, "transformers": ["SimpleImputer"], "is_distributable": false, "is_separable": false}, {"index": 23, "transformers": ["SimpleImputer"], "is_distributable": false, "is_separable": false}, {"index": 24, "transformers": ["SimpleImputer"], "is_distributable": false, "is_separable": false}, {"index": 25, "transformers": ["StringCastTransformer", "HashOneHotVectorizerTransformer"], "is_distributable": false, "is_separable": false}, {"index": 26, "transformers": ["StringCastTransformer", "CountVectorizer"], "is_distributable": false, "is_separable": false}, {"index": 27, "transformers": ["StringCastTransformer", "CountVectorizer"], "is_distributable": false, "is_separable": false}, {"index": 28, "transformers": ["CatImputer", "StringCastTransformer", "LabelEncoderTransformer"], "is_distributable": false, "is_separable": false}, {"index": 29, "transformers": ["CatImputer", "StringCastTransformer", "LabelEncoderTransformer"], "is_distributable": false, "is_separable": false}]}