{"Configuration":{"Script":"train.py","UseAbsolutePath":false,"Arguments":[],"SourceDirectoryDataStore":null,"Framework":0,"Communicator":0,"Target":"flash3","DataReferences":{},"Data":{},"OutputData":{},"JobName":null,"MaxRunDurationSeconds":null,"NodeCount":1,"Priority":null,"CredentialPassthrough":false,"Environment":{"Name":"AutoML-AzureML-AutoML","Version":"52","Python":{"InterpreterPath":"python","UserManagedDependencies":false,"CondaDependencies":{"channels":["anaconda","conda-forge","pytorch"],"dependencies":["python=3.6.2","pip=20.2.4",{"pip":["azureml-core==1.20.0","azureml-pipeline-core==1.20.0","azureml-telemetry==1.20.0","azureml-defaults==1.20.0","azureml-interpret==1.20.0","azureml-automl-core==1.20.0","azureml-automl-runtime==1.20.0","azureml-train-automl-client==1.20.0","azureml-train-automl-runtime==1.20.0.post1","azureml-dataset-runtime==1.20.0","inference-schema","py-cpuinfo==5.0.0","boto3==1.15.18","botocore==1.18.18"]},"numpy~=1.18.0","scikit-learn==0.22.1","pandas~=0.25.0","py-xgboost<=0.90","fbprophet==0.5","holidays==0.9.11","setuptools-git","psutil>5.0.0,<6.0.0"],"name":"azureml_265db83b0c6014ce472c5de2f0b97e04"},"BaseCondaEnvironment":null},"EnvironmentVariables":{"EXAMPLE_ENV_VAR":"EXAMPLE_VALUE"},"Docker":{"BaseImage":"mcr.microsoft.com/azureml/intelmpi2018.3-ubuntu16.04:20210104.v1","Platform":{"Os":"Linux","Architecture":"amd64"},"BaseDockerfile":null,"BaseImageRegistry":{"Address":null,"Username":null,"Password":null},"Enabled":true,"Arguments":[]},"Spark":{"Repositories":[],"Packages":[],"PrecachePackages":true},"InferencingStackVersion":null},"History":{"OutputCollection":true,"DirectoriesToWatch":["logs"],"EnableMLflowTracking":true},"Spark":{"Configuration":{"spark.app.name":"Azure ML Experiment","spark.yarn.maxAppAttempts":"1"}},"ParallelTask":{"MaxRetriesPerWorker":0,"WorkerCountPerNode":1,"TerminalExitCodes":null,"Configuration":{}},"BatchAi":{"NodeCount":0},"AmlCompute":{"Name":null,"VmSize":null,"RetainCluster":false,"ClusterMaxNodeCount":null},"AISuperComputer":{"InstanceType":null,"FrameworkImage":null,"ImageVersion":null,"Location":null,"AISuperComputerStorageData":null,"Interactive":false},"Tensorflow":{"WorkerCount":1,"ParameterServerCount":1},"Mpi":{"ProcessCountPerNode":1},"Hdi":{"YarnDeployMode":2},"ContainerInstance":{"Region":null,"CpuCores":2.0,"MemoryGb":3.5},"ExposedPorts":null,"Docker":{"UseDocker":null,"SharedVolumes":null,"ShmSize":null,"Arguments":null},"Cmk8sCompute":{"Configuration":{}},"CommandReturnCodeConfig":{"ReturnCode":0,"SuccessfulReturnCodes":[]}},"Attribution":null,"TelemetryValues":null,"Overrides":null,"SnapshotId":null,"Snapshots":[],"SourceCodeDataReference":null,"ParentRunId":null,"DataContainerId":null,"RunType":null,"AggregatedArtifactPath":null}